INSERT INTO tag (id, name)
VALUES (1, 'java'),
       (2, 'spring boot'),
       (3, 'api rest'),
       (4, 'react'),
       (5, 'javascript'),
       (6, 'css'),
       (7, 'python'),
       (8, 'pandas'),
       (9, 'machine learning'),
       (10, 'docker'),
       (11, 'ci/cd'),
       (12, 'kubernetes'),
       (13, 'android'),
       (14, 'kotlin'),
       (15, 'flutter'),
       (16, 'node.js'),
       (17, 'typescript'),
       (18, 'sql'),
       (19, 'testes automatizados'),
       (20, 'microsserviços');

INSERT INTO content (id, title, text, category, probability, date_processing)
VALUES (1, 'Introdução ao Spring Boot',
        'Neste conteúdo são apresentados os conceitos básicos para criação de APIs REST utilizando Java e Spring Boot.',
        'Backend', 0.890, '2026-06-01 09:15:00'),
       (2, 'Injeção de dependência no Spring',
        'Como funciona o container de beans do Spring Framework e por que a injeção de dependência facilita testes e manutenção.',
        'Backend', 0.860, '2026-06-02 10:30:00'),
       (3, 'Construindo microsserviços com Spring Boot',
        'Boas práticas para dividir uma aplicação monolítica em microsserviços, comunicação via API REST e versionamento de contratos.',
        'Backend', 0.780, '2026-06-05 14:00:00'),
       (4, 'Testes automatizados em APIs Java',
        'Estratégias de teste unitário e de integração para endpoints REST, usando JUnit e Mockito em projetos Spring Boot.',
        'Backend', 0.910, '2026-06-08 11:45:00'),
       (5, 'Hooks no React',
        'useState e useEffect são hooks fundamentais para gerenciar estado e efeitos colaterais em componentes funcionais React.',
        'Frontend', 0.870, '2026-06-01 16:20:00'),
       (6, 'Tipando componentes React com TypeScript',
        'Como usar interfaces e tipos genéricos do TypeScript para tornar props e estado de componentes React mais seguros.',
        'Frontend', 0.820, '2026-06-03 09:00:00'),
       (7, 'Estilização com CSS Modules',
        'Comparação entre CSS Modules, Styled Components e Tailwind para organizar estilos em aplicações React de médio porte.',
        'Frontend', 0.750, '2026-06-06 13:10:00'),
       (8, 'Análise exploratória de dados com Pandas',
        'Técnicas de limpeza, tratamento de valores nulos e visualização inicial de dados tabulares utilizando a biblioteca Pandas em Python.',
        'Dados', 0.930, '2026-06-02 08:40:00'),
       (9, 'Classificação de texto com Scikit-Learn',
        'Construção de um pipeline de machine learning com TF-IDF e Regressão Logística para classificar documentos por categoria.',
        'Dados', 0.880, '2026-06-04 15:25:00'),
       (10, 'Consultas SQL para análise de dados',
        'Uso de agregações, joins e subqueries em SQL para extrair métricas de negócio a partir de bancos relacionais.',
        'Dados', 0.700, '2026-06-07 10:00:00'),
       (11, 'Pipelines de CI/CD com GitHub Actions',
        'Automação de build, testes e deploy utilizando GitHub Actions, com exemplos de workflow para aplicações Java e Python.',
        'DevOps', 0.840, '2026-06-03 17:00:00'),
       (12, 'Orquestração de containers com Kubernetes',
        'Conceitos de pods, services e deployments no Kubernetes, e como escalar aplicações containerizadas em produção.',
        'DevOps', 0.790, '2026-06-05 11:20:00'),
       (13, 'Empacotando aplicações com Docker',
        'Criação de Dockerfiles otimizados e uso de Docker Compose para orquestrar múltiplos serviços em ambiente de desenvolvimento.',
        'DevOps', 0.900, '2026-06-09 09:50:00'),
       (14, 'Desenvolvimento Android nativo com Kotlin',
        'Estrutura de um projeto Android moderno utilizando Kotlin, ViewModel e Jetpack Compose para interfaces declarativas.',
        'Mobile', 0.860, '2026-06-04 14:30:00'),
       (15, 'Aplicativos multiplataforma com Flutter',
        'Como o Flutter permite compartilhar um único código-fonte entre Android e iOS, com widgets e gerenciamento de estado.',
        'Mobile', 0.810, '2026-06-06 16:45:00'),
       (16, 'Gerenciamento de estado em apps móveis',
        'Comparação entre Provider, Bloc e Riverpod para gerenciar estado em aplicações Flutter de médio e grande porte.',
        'Mobile', 0.730, '2026-06-08 12:15:00'),
       (17, 'Integração entre Node.js e bancos SQL',
        'Uso de ORMs em Node.js para conectar aplicações JavaScript a bancos de dados relacionais, com exemplos de migrations.',
        'Backend', 0.520, '2026-06-10 10:00:00');


INSERT INTO content_tag (content_id, tag_id)
VALUES (1, 1),
       (1, 2),
       (1, 3),
       (2, 1),
       (2, 2),
       (3, 1),
       (3, 2),
       (3, 3),
       (3, 20),
       (4, 1),
       (4, 3),
       (4, 19),
       (5, 4),
       (5, 5),
       (6, 4),
       (6, 17),
       (7, 4),
       (7, 6),
       (8, 7),
       (8, 8),
       (9, 7),
       (9, 9),
       (10, 18),
       (11, 11),
       (11, 10),
       (12, 12),
       (12, 10),
       (13, 10),
       (13, 11),
       (14, 13),
       (14, 14),
       (15, 15),
       (15, 13),
       (16, 15),
       (17, 16),
       (17, 18);